<?xml version="1.0" encoding="UTF-8"?>
<metadata xml:lang="en"><Esri><CreaDate>20170619</CreaDate><CreaTime>12482900</CreaTime><ArcGISFormat>1.0</ArcGISFormat><SyncOnce>TRUE</SyncOnce><DataProperties><lineage><Process ToolSource="c:\program files (x86)\arcgis\desktop10.3\ArcToolbox\Toolboxes\3D Analyst Tools.tbx\Contour" Date="20170619" Time="124829">Contour "W:/GIS projects/geog485/Lesson1/Lesson1Data\foxlake" "W:/GIS projects/geog485/Lesson1/Lesson1Data\foxlake_contours.shp" 25 0 1</Process></lineage></DataProperties></Esri></metadata>
