<?xml version="1.0" encoding="UTF-8"?>
<metadata>
	<idinfo>
		<citation>
			<citeinfo>
				<origin>GIS/Cartography Section, Washington State Department of Transportation</origin>
				<pubdate>20090928</pubdate>
				<title>City Limits of Washington State, Aug 2009</title>
				<geoform>vector digital data</geoform>
				<pubinfo>
					<pubplace>Olympia, Washington, USA</pubplace>
					<publish>Washington State Department of Transportation</publish>
				</pubinfo>
				<onlink Sync="TRUE">\\ASROCK\C$\Data\Project2_Originals\CityBoundaries</onlink><ftname Sync="TRUE">CityBoundaries</ftname></citeinfo>
		</citation>
		<descript>
			<abstract>Polygons depict the boundaries of Washington State's  incorporated municipalities, as recorded by the Washington State Office of Financial Management.  Attributes include city names as provided by the Washington State Office of Financial Management, and Federal Information Processing Standard codes(FIPS) as provided by the National Institute of Standards and Technology.  The Washington State Office of Financial Management provided FIPS codes for cities incorporated after the National Institute of Standards and Technology's FIPS code publication date.  GNIS (Geographic Name Information System) codes provided by the Washington State Department of Revenue have been included for this quarter.  For this particular update, all annexations approved by Office of Financial Management for Fourth Quarter of 2009 are included.</abstract>
			<purpose>This data set is used as a reference layer for geographic information systems at the Washington State Department of Transportation.</purpose>
			<supplinf>The calendar date under time period of content is the date of annexation approval and certification by the Washington State Office of Financial Management.</supplinf>
			<langdata Sync="TRUE">en</langdata></descript>
		<timeperd>
			<timeinfo>
				<sngdate>
					<caldate>20090831</caldate>
					<time>Unknown</time>
				</sngdate>
			</timeinfo>
			<current>ground condition</current>
		</timeperd>
		<status>
			<progress>Complete</progress>
			<update>Quarterly</update>
		</status>
		<spdom>
			<bounding>
				<westbc>-124.492629</westbc>
				<eastbc>-116.847122</eastbc>
				<northbc>49.023765</northbc>
				<southbc>45.511272</southbc>
			</bounding>
			<lboundng><leftbc Sync="TRUE">680767.361345</leftbc><rightbc Sync="TRUE">2518282.732103</rightbc><bottombc Sync="TRUE">87671.241534</bottombc><topbc Sync="TRUE">1346256.189121</topbc></lboundng></spdom>
		<keywords>
			<theme>
				<themekt>None</themekt>
				<themekey>cities</themekey>
				<themekey>incorporated</themekey>
			</theme>
			<place>
				<placekt>None</placekt>
				<placekey>Pacific Northwest</placekey>
				<placekey>Washington</placekey>
			</place>
		</keywords>
		<accconst>none</accconst>
		<useconst>none</useconst>
		<ptcontac>
			<cntinfo>
				<cntorgp>
					<cntorg>Geographic Services, Washington State Department of Transportation</cntorg>
					<cntper>Derek Drake</cntper>
				</cntorgp>
				<cntpos>ITS 2</cntpos>
				<cntaddr>
					<addrtype>mailing address</addrtype>
					<address>PO Box 47384</address>
					<city>Olympia</city>
					<state>WA</state>
					<postal>98504-7384</postal>
					<country>USA</country>
				</cntaddr>
				<cntvoice>360-709-5526</cntvoice>
				<cntfax>360-709-5599</cntfax>
				<cntemail>draked@wsdot.wa.gov</cntemail>
				<hours>8 AM - 5 PM</hours>
				<cntinst>call or email and leave a message</cntinst>
			</cntinfo>
		</ptcontac>
		<native>Microsoft Windows XP Version 5.1 (Build 2600) Service Pack 2; ESRI ArcCatalog 9.3.1.3000</native>
		<crossref>
			<citeinfo>
				<origin>GIS Implementation Team, Washington State Department of Transportation</origin>
				<pubdate>20071206</pubdate>
				<title>Major Cities of Washington State</title>
				<geoform>map</geoform>
				<pubinfo>
					<pubplace>Olympia, Washington, USA</pubplace>
					<publish>Washington State Department of Transportation</publish>
				</pubinfo>
			</citeinfo>
		</crossref>
		<natvform Sync="TRUE">Shapefile</natvform></idinfo>
	<dataqual>
		<attracc>
			<attraccr>City names spellings are as specified by the Washington State Office of Financial Management.  Federal Information Processing Standards (FIPS) codes are as provided by download from the National Institute of Standards and Technology web site.  The Washington State Office of Financial Management has provided FIPS codes for cities incorporated after the 1998 FIPS code publication date.  Geographic Names Information System (GNIS) codes provided by the Washington State Department of Revenue have been added.</attraccr>
		</attracc>
		<complete>
The data represent every city known to be incorporated in the State of Washington as of the date of
currency.
</complete>
		<posacc>
			<horizpa>
				<horizpar>City limit boundaries were digitized from a variety of map sources including USGS quadrangles and WSDOT city maps. Generally, the data approach National Map Accuracy Standards for 1:24,000 scale: most well-defined points may be expected to fall within 40 feet of their true locations.  Where a city limit follows the edge of a public right of way, the city limit line has been offset approximately 75 feet from the line representing the street on WSDOT-digitized 1:24,000-scale base data. Where a city limit adjoins a street not represented in WSDOT data, the city limit's position including the 75 foot offset has been estimated by measurement from the nearest available reference features in the base data (other roads, railroads, boundaries, section lines, pipelines, streams, etc.)  Where a city limit follows a section line, this data set depicts it following that line as located on WSDOT's 1:24,000-scale base data, whether or not a right of way is coincident with the section line. In some cases, city limits follow a right of way centerline, and are shown coincident with the line representing that road in WSDOT's 1:24,000-scale base data. This occurs only on some old city limits established prior to the outlaw of such practice.  Where a city limit follows the edge of a railroad right of way, the city limit has been offset a standard 100 feet from the line representing the railroad on WSDOT-digitized 1:24,000-scale base data.</horizpar>
			</horizpa>
		</posacc>
		<lineage>
			<srcinfo>
				<srccite>
					<citeinfo>
						<origin>GIS/Cartography Section, Washington State Department of Transportation</origin>
						<pubdate>Unpublished Material</pubdate>
						<title>cities.dgn</title>
						<geoform>map</geoform>
						<timeinfo>
							<sngdate>
								<caldate>20070907</caldate>
								<time>Unknown</time>
							</sngdate>
						</timeinfo>
					</citeinfo>
				</srccite>
				<srcscale>24000</srcscale>
				<typesrc>online</typesrc>
				<srctime>
					<timeinfo>
						<sngdate>
							<caldate>20070907</caldate>
							<time>Unknown</time>
						</sngdate>
					</timeinfo>
					<srccurr>ground condition</srccurr>
				</srctime>
				<srccitea>cities.dgn</srccitea>
				<srccontr>The graphics depicting the city boundaries and the names of the cities.</srccontr>
			</srcinfo>
			<procstep>
				<procdesc>Dataset updated to include annexations in the fourth quarter of 2009.</procdesc>
				<procdate>20090904</procdate>
				<proccont>
					<cntinfo>
						<cntorgp>
							<cntorg>CGIS Washington State Department of Transportation</cntorg>
							<cntper>Derek Drake</cntper>
						</cntorgp>
						<cntpos>Cartographer/GIS Specialist</cntpos>
						<cntaddr>
							<addrtype>mailing address</addrtype>
							<address>PO Box 47384</address>
							<city>Olympia</city>
							<state>WA</state>
							<postal>98504</postal>
							<country>USA</country>
						</cntaddr>
						<cntaddr>
							<addrtype>physical address</addrtype>
							<address>818 79th Avenue, Suite B</address>
							<city>Tumwater</city>
							<state>WA</state>
							<postal>98501</postal>
							<country>USA</country>
						</cntaddr>
						<cntvoice>360-596-8923</cntvoice>
						<cntfax>360-596-8905</cntfax>
						<cntemail>draked@wsdot.wa.gov</cntemail>
						<hours>7:30 am - 5 pm M-F</hours>
						<cntinst>call or email and leave a message</cntinst>
					</cntinfo>
				</proccont>
			</procstep>
			<procstep><procdesc Sync="TRUE">Metadata imported.</procdesc><srcused Sync="TRUE">C:\DOCUME~1\mitchejo\LOCALS~1\Temp\xml8AB.tmp</srcused><procdate Sync="TRUE">20090928</procdate><proctime Sync="TRUE">11414600</proctime></procstep><procstep><procdesc Sync="TRUE">Dataset copied.</procdesc><srcused Sync="TRUE">C:\Data\Washington\city\city</srcused><procdate Sync="TRUE">20100102</procdate><proctime Sync="TRUE">09374800</proctime></procstep><procstep><procdesc Sync="TRUE">Dataset copied.</procdesc><srcused Sync="TRUE"></srcused><procdate Sync="TRUE">20100102</procdate><proctime Sync="TRUE">10055800</proctime></procstep><procstep><procdesc Sync="TRUE">Dataset copied.</procdesc><srcused Sync="TRUE">C:\Data\Project2_Practice\CityBoundaries</srcused><procdate Sync="TRUE">20100102</procdate><proctime Sync="TRUE">10064400</proctime></procstep></lineage>
		<cloud>0</cloud>
	</dataqual>
	<spdoinfo>
		<direct>Vector</direct>
		<ptvctinf>
			<sdtsterm Name="CityBoundaries">
				<sdtstype>G-polygon</sdtstype>
				<ptvctcnt>281</ptvctcnt>
			</sdtsterm>
			<esriterm Name="CityBoundaries"><efeatyp Sync="TRUE">Simple</efeatyp><efeageom Sync="TRUE">Polygon</efeageom><esritopo Sync="TRUE">FALSE</esritopo><efeacnt Sync="TRUE">281</efeacnt><spindex Sync="TRUE">TRUE</spindex><linrefer Sync="TRUE">FALSE</linrefer></esriterm></ptvctinf>
	</spdoinfo>
	<spref>
		<horizsys>
			<planar>
				<planci>
					<plance>Coordinate Pair</plance>
					<coordrep>
						<absres>0</absres>
						<ordres>0</ordres>
					</coordrep>
					<plandu>survey feet</plandu>
				</planci>
				<mapproj><mapprojn Sync="TRUE">Lambert Conformal Conic</mapprojn><lambertc><stdparll Sync="TRUE">45.833333</stdparll><stdparll Sync="TRUE">47.333333</stdparll><longcm Sync="TRUE">-120.500000</longcm><latprjo Sync="TRUE">45.333333</latprjo><feast Sync="TRUE">1640416.666667</feast><fnorth Sync="TRUE">0.000000</fnorth></lambertc></mapproj></planar>
			<geodetic>
				<horizdn>D_North_American_1983_HARN</horizdn>
				<ellips>Geodetic Reference System 80</ellips>
				<semiaxis>6378137</semiaxis>
				<denflat>298.257222</denflat>
			</geodetic>
			<cordsysn><geogcsn Sync="TRUE">GCS_North_American_1983_HARN</geogcsn><projcsn Sync="TRUE">NAD_1983_HARN_StatePlane_Washington_South_FIPS_4602_Feet</projcsn></cordsysn></horizsys>
	</spref>
	<eainfo>
		<detailed Name="CityBoundaries">
			<enttyp>
				<enttypl>city_4Q_2009</enttypl>
				<enttypd>Boundaries of incorporated municipalities of Washington State as recorded by the Washington State Office of Financial Management.</enttypd>
				<enttypds>Washington State Department of Transportation, Cartography/GIS Section</enttypds>
				<enttypt Sync="TRUE">Feature Class</enttypt><enttypc Sync="TRUE">281</enttypc></enttyp>
			<attr>
				<attrlabl>CI_FIPS</attrlabl>
				<attrdef>Identifying code of all Washington cities</attrdef>
				<attrdefs>USGS</attrdefs>
				<attalias Sync="TRUE">CI_FIPS</attalias><attrtype Sync="TRUE">String</attrtype><attwidth Sync="TRUE">9</attwidth></attr>
			<attr>
				<attrlabl>Cnty_Seat</attrlabl>
				<attrdef>Determined as to whether or not the city is the county seat.</attrdef>
				<attrdefs>USGS</attrdefs>
				<attalias Sync="TRUE">Cnty_Seat</attalias><attrtype Sync="TRUE">String</attrtype><attwidth Sync="TRUE">3</attwidth></attr>
			<attr>
				<attrlabl>FID</attrlabl>
				<attrdef>Internal feature number.</attrdef>
				<attrdefs>ESRI</attrdefs>
				<attrdomv>
					<udom>Sequential unique whole numbers that are automatically generated.</udom>
				</attrdomv>
				<attalias Sync="TRUE">FID</attalias><attrtype Sync="TRUE">OID</attrtype><attwidth Sync="TRUE">4</attwidth><atprecis Sync="TRUE">0</atprecis><attscale Sync="TRUE">0</attscale></attr>
			<attr>
				<attrlabl>GNIS</attrlabl>
				<attrdef>Geographic Names Information System</attrdef>
				<attrdefs>USGS</attrdefs>
				<attalias Sync="TRUE">GNIS</attalias><attrtype Sync="TRUE">Float</attrtype><attwidth Sync="TRUE">19</attwidth><atnumdec Sync="TRUE">11</atnumdec></attr>
			<attr>
				<attrlabl>LastUpdate</attrlabl>
				<attrdef>This is the ending date of the quarter the city boundary was last modified.</attrdef>
				<attalias Sync="TRUE">LastUpdate</attalias><attrtype Sync="TRUE">Date</attrtype><attwidth Sync="TRUE">8</attwidth></attr>
			<attr>
				<attrlabl>NAME</attrlabl>
				<attrdef>Name of incorporated city</attrdef>
				<attrdefs>Washington Office of Finanacial Management</attrdefs>
				<attalias Sync="TRUE">NAME</attalias><attrtype Sync="TRUE">String</attrtype><attwidth Sync="TRUE">40</attwidth></attr>
			<attr>
				<attrlabl>OBJECTID</attrlabl>
				<attrdef>Internal feature number.</attrdef>
				<attrdefs>ESRI</attrdefs>
				<attrdomv>
					<udom>Sequential unique whole numbers that are automatically generated.</udom>
				</attrdomv>
				<attalias Sync="TRUE">OBJECTID</attalias><attrtype Sync="TRUE">Number</attrtype><attwidth Sync="TRUE">9</attwidth></attr>
			<attr>
				<attrlabl>Shape</attrlabl>
				<attrdef>Feature geometry.</attrdef>
				<attrdefs>ESRI</attrdefs>
				<attrdomv>
					<udom>Coordinates defining the features.</udom>
				</attrdomv>
				<attalias Sync="TRUE">Shape</attalias><attrtype Sync="TRUE">Geometry</attrtype><attwidth Sync="TRUE">0</attwidth><atprecis Sync="TRUE">0</atprecis><attscale Sync="TRUE">0</attscale></attr>
			<attr>
				<attrlabl>Shape_Area</attrlabl>
				<attrdef>Area of feature in internal units squared.</attrdef>
				<attrdefs>ESRI</attrdefs>
				<attrdomv>
					<udom>Positive real numbers that are automatically generated.</udom>
				</attrdomv>
				<attalias Sync="TRUE">Shape_Area</attalias><attrtype Sync="TRUE">Float</attrtype><attwidth Sync="TRUE">19</attwidth><atnumdec Sync="TRUE">11</atnumdec></attr>
			<attr>
				<attrlabl>Shape_Leng</attrlabl>
				<attalias Sync="TRUE">Shape_Leng</attalias><attrtype Sync="TRUE">Float</attrtype><attwidth Sync="TRUE">19</attwidth><atnumdec Sync="TRUE">11</atnumdec></attr>
		</detailed>
		<overview>
			<eaover>Each incorporated place is represented by one or more polygons constructed from a legal description of its boundaries.  Polygons are attributed with the name of the incorporated entity, Federal Information Processing Standards code and Geographic Names Information System code .  County Seats are also indicated in a separate column.  A field was added called LastUpdate and the contents are the ending date of the quarter in which the city boundary was last changed.</eaover>
		</overview>
	</eainfo>
	<distinfo>
		<distrib>
			<cntinfo>
				<cntperp>
					<cntper>Jordyn Mitchell</cntper>
					<cntorg>Washington State Department of Transportation, Office of Information Technology</cntorg>
				</cntperp>
				<cntpos>GIS Data  Administrator</cntpos>
				<cntaddr>
					<addrtype>mailing address</addrtype>
					<address>PO Box 47430</address>
					<city>Olympia</city>
					<state>WA</state>
					<postal>98504-7430</postal>
					<country>USA</country>
				</cntaddr>
				<cntvoice>360-705-7645</cntvoice>
				<cntfax>360-705-6817</cntfax>
				<cntemail>mitchejo@wsdot.wa.gov</cntemail>
			</cntinfo>
		</distrib>
		<resdesc>\gisosc\geodata\maps\24k\dot_cartog\city\city</resdesc>
		<distliab>The Washington State Department of Transportation shall not be liable for any activity involving these data with regard to lost profits or savings or any other consequential damages; or the fitness for use of the data for a particular purpose; or the installation of the data, its use, or the results obtained.</distliab>
		<stdorder>
			<digform>
				<digtinfo>
					<formspec>Various formats are used: ESRI coverages and shapefiles, and data tables for placement as ArcView "events."</formspec>
					<formcont>
The standard distribution compact disc contains all geospatial data sets created by the Washington State Dept. of Transportation. Refer to the included Geodata.txt text file for a brief description of the directory structure.
Data formats vary--most data are stored as ESRI shape files, but some data models require coverages. There are also dbf-format tables of data located by geographic coordinates or State Route Accumulated Route Mileage.
</formcont>
					<asciistr>
						<casesens>false</casesens>
					</asciistr>
					<transize Sync="TRUE">1.049</transize><dssize Sync="TRUE">1.049</dssize></digtinfo>
				<digtopt>
					<offoptn>
						<offmedia>CD-ROM</offmedia>
					</offoptn>
				</digtopt>
			</digform>
			<fees>none</fees>
			<ordering>Call, email or write the Distributor with requests for geo-spatial data sets.</ordering>
			<turnarnd>Generally, the standard compact disc containing all distributed data can be sent within one week of receiving a data request.</turnarnd>
		</stdorder>
		<stdorder>
			<digform>
				<digtinfo>
					<formname>self-extracting zip file</formname>
					<formvern>6.3 SR-1 (926) 32-bit</formvern>
					<formspec>WinZip</formspec>
					<formcont>Depends on the data set. Arc/Info coverage or shape file; metadata report in html and text files; and, in some cases, a data dictionary text file. Some data sets in the standard distribution are tabular data for placement as ArcView "events."</formcont>
					<filedec>Run the "exe" file under Windows NT.</filedec>
					<asciistr>
						<casesens>false</casesens>
					</asciistr>
					<transize Sync="TRUE">1.049</transize><dssize Sync="TRUE">1.049</dssize></digtinfo>
				<digtopt>
					<onlinopt>
						<accinstr>Use anonymous FTP login or web browser download on the URL specified under Network Address.</accinstr>
						<oncomp>Unix</oncomp>
					</onlinopt>
				</digtopt>
			</digform>
			<fees>none</fees>
			<ordering>Download individual data sets from http://www.wsdot.wa.gov/mapsdata/geodatacatalog/default.htm</ordering>
		</stdorder>
		<stdorder>
			<nondig>The Cartography/GIS Section can plot maps of most geospatial data sets.</nondig>
			<fees>depend on plotting costs.</fees>
			<ordering>Contact the Point of Contact listed under the Identification Section to determine the availability of this data set in a non-digital representation.</ordering>
			<digform><digtinfo><transize Sync="TRUE">1.049</transize><dssize Sync="TRUE">1.049</dssize></digtinfo></digform></stdorder>
		<availabl>
			<timeinfo>
				<sngdate>
					<caldate>Unknown</caldate>
					<time>Unknown</time>
				</sngdate>
			</timeinfo>
		</availabl>
	</distinfo>
	<metainfo>
		<metd>20090928</metd>
		<metrd></metrd>
		<metfrd></metfrd>
		<metc>
			<cntinfo>
				<cntperp>
					<cntper>Derek Drake</cntper>
					<cntorg>Cartography/GIS Section, Washington State Department of Transportation</cntorg>
				</cntperp>
				<cntpos>Cartographer</cntpos>
				<cntaddr>
					<addrtype>mailing address</addrtype>
					<address>P.O. Box 47384</address>
					<city>Olympia</city>
					<state>WA</state>
					<postal>98504-7384</postal>
					<country>USA</country>
				</cntaddr>
				<cntvoice>360-709-5526</cntvoice>
				<cntfax>360-709-5599</cntfax>
				<cntemail>draked@wsdot.wa.gov</cntemail>
				<cntorgp><cntper>REQUIRED: The person responsible for the metadata information.</cntper><cntorg>REQUIRED: The organization responsible for the metadata information.</cntorg></cntorgp></cntinfo>
		</metc>
		<metstdn>FGDC Content Standards for Digital Geospatial Metadata</metstdn>
		<metstdv>FGDC-STD-001-1998</metstdv>
		<mettc>local time</mettc>
		<metac>none</metac>
		<metuc>none</metuc>
		<metextns>
			<onlink>http://www.esri.com/metadata/esriprof80.html</onlink>
			<metprof>ESRI Metadata Profile</metprof>
		</metextns>
		<langmeta Sync="TRUE">en</langmeta><metextns><onlink Sync="TRUE">http://www.esri.com/metadata/esriprof80.html</onlink><metprof Sync="TRUE">ESRI Metadata Profile</metprof></metextns></metainfo>
	<Esri><CreaDate>20100102</CreaDate><CreaTime>10064400</CreaTime><SyncOnce>FALSE</SyncOnce><SyncDate>20100102</SyncDate><SyncTime>09440800</SyncTime><ModDate>20100102</ModDate><ModTime>09440800</ModTime><DataProperties><lineage><Process ToolSource="C:\Program Files\ArcGIS\ArcToolbox\Toolboxes\Data Management Tools.tbx\Project" Date="20100102" Time="100558">Project C:\Data\Project2_Practice\CityBoundaries.shp C:\Data\Project2_Practice\CityBoundaries_Project.shp PROJCS['NAD_1983_StatePlane_Washington_South_FIPS_4602',GEOGCS['GCS_North_American_1983',DATUM['D_North_American_1983',SPHEROID['GRS_1980',6378137.0,298.257222101]],PRIMEM['Greenwich',0.0],UNIT['Degree',0.0174532925199433]],PROJECTION['Lambert_Conformal_Conic'],PARAMETER['False_Easting',500000.0],PARAMETER['False_Northing',0.0],PARAMETER['Central_Meridian',-120.5],PARAMETER['Standard_Parallel_1',45.83333333333334],PARAMETER['Standard_Parallel_2',47.33333333333334],PARAMETER['Latitude_Of_Origin',45.33333333333334],UNIT['Meter',1.0]] NAD_1983_To_HARN_WA_OR PROJCS['NAD_1983_HARN_StatePlane_Washington_South_FIPS_4602_Feet',GEOGCS['GCS_North_American_1983_HARN',DATUM['D_North_American_1983_HARN',SPHEROID['GRS_1980',6378137.0,298.257222101]],PRIMEM['Greenwich',0.0],UNIT['Degree',0.0174532925199433]],PROJECTION['Lambert_Conformal_Conic'],PARAMETER['False_Easting',1640416.666666667],PARAMETER['False_Northing',0.0],PARAMETER['Central_Meridian',-120.5],PARAMETER['Standard_Parallel_1',45.83333333333334],PARAMETER['Standard_Parallel_2',47.33333333333334],PARAMETER['Latitude_Of_Origin',45.33333333333334],UNIT['Foot_US',0.3048006096012192]]</Process></lineage></DataProperties><MetaID>{82C2F17A-3A90-4D17-8DFB-EDDF27F9794C}</MetaID></Esri><distInfo><distributor><distorTran><onLineSrc><linkage Sync="TRUE">file://\\ASROCK\C$\Data\Project2_Originals\CityBoundaries</linkage><protocol Sync="TRUE">Local Area Network</protocol><orDesc Sync="TRUE">002</orDesc></onLineSrc><transSize Sync="TRUE">1.049</transSize></distorTran><distorFormat><formatName Sync="TRUE">Shapefile</formatName></distorFormat></distributor></distInfo><dataIdInfo><envirDesc Sync="TRUE">Microsoft Windows Vista Version 6.0 (Build 6002) Service Pack 2; ESRI ArcCatalog 9.3.1.3000</envirDesc><dataLang><languageCode Sync="TRUE" value="en"></languageCode></dataLang><idCitation><resTitle Sync="TRUE">CityBoundaries</resTitle><presForm><PresFormCd Sync="TRUE" value="005"></PresFormCd></presForm></idCitation><spatRpType><SpatRepTypCd Sync="TRUE" value="001"></SpatRepTypCd></spatRpType><dataExt><geoEle><GeoBndBox esriExtentType="native"><westBL Sync="TRUE">680767.361345</westBL><eastBL Sync="TRUE">2518282.732103</eastBL><northBL Sync="TRUE">1346256.189121</northBL><southBL Sync="TRUE">87671.241534</southBL><exTypeCode Sync="TRUE">1</exTypeCode></GeoBndBox></geoEle></dataExt><geoBox esriExtentType="decdegrees"><westBL Sync="TRUE">-124.492629</westBL><eastBL Sync="TRUE">-116.847122</eastBL><northBL Sync="TRUE">49.023765</northBL><southBL Sync="TRUE">45.511272</southBL><exTypeCode Sync="TRUE">1</exTypeCode></geoBox></dataIdInfo><mdLang><languageCode Sync="TRUE" value="en"></languageCode></mdLang><mdStanName Sync="TRUE">ISO 19115 Geographic Information - Metadata</mdStanName><mdStanVer Sync="TRUE">DIS_ESRI1.0</mdStanVer><mdChar><CharSetCd Sync="TRUE" value="004"></CharSetCd></mdChar><mdHrLv><ScopeCd Sync="TRUE" value="005"></ScopeCd></mdHrLv><mdHrLvName Sync="TRUE">dataset</mdHrLvName><refSysInfo><RefSystem><refSysID><identCode Sync="TRUE">NAD_1983_HARN_StatePlane_Washington_South_FIPS_4602_Feet</identCode></refSysID></RefSystem></refSysInfo><spatRepInfo><VectSpatRep><topLvl><TopoLevCd Sync="TRUE" value="001"></TopoLevCd></topLvl><geometObjs Name="CityBoundaries"><geoObjTyp><GeoObjTypCd Sync="TRUE" value="001"></GeoObjTypCd></geoObjTyp><geoObjCnt Sync="TRUE">281</geoObjCnt></geometObjs></VectSpatRep></spatRepInfo><mdDateSt Sync="TRUE">20100102</mdDateSt></metadata>
