<?xml version="1.0" encoding="ISO-8859-1"?>
<metadata>
	<idinfo>
		<citation>
			<citeinfo>
				<origin>GIS Implementation Team, Washington State Department of Transportation</origin>
				<pubdate>1995</pubdate>
				<title>Counties of Washington State</title>
				<geoform Sync="TRUE">vector digital data</geoform>
				<pubinfo>
					<pubplace>Olympia, Washington</pubplace>
					<publish>Washington State Department of Transportation (WSDOT)</publish>
				</pubinfo>
				<ftname Sync="TRUE">CountyLines_Project</ftname><onlink Sync="TRUE">\\ASROCK\C$\Data\Project2_Originals\CountyLines</onlink></citeinfo>
		</citation>
		<descript>
			<abstract>The counties of Washington state are depicted as polygons.</abstract>
			<purpose>This data set is intended for use as a reference map layer for GIS applications.</purpose>
			<langdata Sync="TRUE">en</langdata></descript>
		<timeperd>
			<timeinfo>
				<sngdate>
					<caldate>1995</caldate>
					<time>unknown</time>
				</sngdate>
			</timeinfo>
			<current>ground condition</current>
		</timeperd>
		<status>
			<progress>Complete</progress>
			<update>None planned</update>
		</status>
		<spdom>
			<bounding>
				<westbc Sync="TRUE">-124.757444</westbc>
				<eastbc Sync="TRUE">-116.563889</eastbc>
				<northbc Sync="TRUE">49.153829</northbc>
				<southbc Sync="TRUE">45.387274</southbc>
			</bounding>
			<lboundng><leftbc Sync="TRUE">371820.809984</leftbc><rightbc Sync="TRUE">970860.615394</rightbc><bottombc Sync="TRUE">5043600.005203</bottombc><topbc Sync="TRUE">5444556.431809</topbc></lboundng></spdom>
		<keywords>
			<theme>
				<themekt>None</themekt>
				<themekey>county</themekey>
			</theme>
			<place>
				<placekt>None</placekt>
				<placekey>Washington</placekey>
				<placekey>WA</placekey>
				<placekey>United States</placekey>
				<placekey>USA</placekey>
				<placekey>Pacific Northwest</placekey>
			</place>
		</keywords>
		<accconst>none</accconst>
		<useconst>none</useconst>
		<ptcontac>
			<cntinfo>
				<cntperp>
					<cntper>Ron Cihon</cntper>
					<cntorg>Geographic Services, Washington State Department of Transportation</cntorg>
				</cntperp>
				<cntpos>GIS/Cartography Supervisor</cntpos>
				<cntaddr>
					<addrtype>physical address</addrtype>
					<address>1655 S. 2nd Avenue</address>
					<city>Tumwater</city>
					<state>WA</state>
					<postal>98512</postal>
					<country>USA</country>
				</cntaddr>
				<cntaddr>
					<addrtype>mailing address</addrtype>
					<address>
Mail Stop: 7384

PO Box 47384
</address>
					<city>Olympia</city>
					<state>WA</state>
					<postal>98504-7384</postal>
					<country>USA</country>
				</cntaddr>
				<cntvoice>360-709-5510</cntvoice>
				<cntfax>360-709-5599</cntfax>
				<cntemail>cihonr@wsdot.wa.gov</cntemail>
			</cntinfo>
		</ptcontac>
		<native Sync="TRUE">Microsoft Windows Vista Version 6.0 (Build 6002) Service Pack 2; ESRI ArcCatalog 9.3.1.3000</native>
		<crossref>
			<citeinfo>
				<origin>GIS Implementation Team, Washington State Department of Transportation</origin>
				<pubdate>19971101</pubdate>
				<title>Washington State County Series, County Boundaries</title>
				<geoform>map</geoform>
				<pubinfo>
					<pubplace>Olympia, Washington</pubplace>
					<publish>Washington State Department of Transportation</publish>
				</pubinfo>
			</citeinfo>
		</crossref>
		<natvform Sync="TRUE">Shapefile</natvform></idinfo>
	<dataqual>
		<attracc>
			<attraccr>County names are complete and spelled correctly.</attraccr>
		</attracc>
		<logic>Data has clean polygon topology.</logic>
		<complete>The data represent every county in the State of Washington.</complete>
		<posacc>
			<horizpa>
				<horizpar>Positional accuracy has not been determined.</horizpar>
			</horizpa>
		</posacc>
		<lineage>
			<srcinfo>
				<srccite>
					<citeinfo>
						<origin>Cartography Section, Washington State Department of Transportation</origin>
						<pubdate>Unpublished Material</pubdate>
						<title>state.dgn, 1994</title>
						<geoform>map</geoform>
					</citeinfo>
				</srccite>
				<srcscale>500000</srcscale>
				<typesrc>online</typesrc>
				<srctime>
					<timeinfo>
						<sngdate>
							<caldate>19940701</caldate>
							<time>unknown</time>
						</sngdate>
					</timeinfo>
					<srccurr>ground condition</srccurr>
				</srctime>
				<srccitea>state.dgn, 1994</srccitea>
				<srccontr>The graphics depicting the counties and the names of the counties.</srccontr>
			</srcinfo>
			<procstep>
				<procdesc>
The Microstation DGN file was converted to an Arc/Info coverage with the Arc command "IGDSARC" and
transformed to geographic coordinates with Arc commands "PROJECTDEFINE" and "PROJECT."
</procdesc>
				<srcused>state.dgn, 1994</srcused>
				<procdate>1995</procdate>
				<proccont>
					<cntinfo>
						<cntperp>
							<cntper>Gordon Kennedy</cntper>
							<cntorg>Washington State Department of Transportation</cntorg>
						</cntperp>
						<cntpos>Coordinator, Information Resources Management</cntpos>
						<cntaddr>
							<addrtype>mailing address</addrtype>
							<address>PO Box 47430</address>
							<city>Olympia</city>
							<state>WA</state>
							<postal>98504-7430</postal>
							<country>USA</country>
						</cntaddr>
						<cntaddr>
							<addrtype>physical address</addrtype>
							<address>809 Legion Way SE</address>
							<city>Olympia</city>
							<state>WA</state>
							<postal>98501</postal>
							<country>USA</country>
						</cntaddr>
						<cntvoice>360-705-7641</cntvoice>
						<cntfax>360-705-6817</cntfax>
						<cntemail>gkennedy@wsdot.wa.gov</cntemail>
						<hours>0700 to 1530, Pacific Time, M-F</hours>
					</cntinfo>
				</proccont>
			</procstep>
			<procstep><procdesc Sync="TRUE">Metadata imported.</procdesc><srcused Sync="TRUE">C:\DOCUME~1\BlakeM\LOCALS~1\Temp\xml283.tmp</srcused><date Sync="TRUE">20030424</date><time Sync="TRUE">15375800</time></procstep><procstep><procdesc Sync="TRUE">Dataset copied.</procdesc><srcused Sync="TRUE"></srcused><date Sync="TRUE">20040601</date><time Sync="TRUE">11581200</time></procstep><procstep><procdesc Sync="TRUE">Dataset moved.</procdesc><srcused Sync="TRUE">J:\gis\DatatoPublish\Projection_Datum\CNTYLINE_NEW</srcused><date Sync="TRUE">20040601</date><time Sync="TRUE">12022800</time></procstep><procstep><procdesc Sync="TRUE">Dataset moved.</procdesc><srcused Sync="TRUE">C:\Data\Washington\county\CNTYLINE</srcused><procdate Sync="TRUE">20100102</procdate><proctime Sync="TRUE">09371600</proctime></procstep><procstep><procdesc Sync="TRUE">Dataset moved.</procdesc><srcused Sync="TRUE">C:\Data\Project2_Practice\CNTYLINE</srcused><procdate Sync="TRUE">20100102</procdate><proctime Sync="TRUE">09372000</proctime></procstep><procstep><procdesc Sync="TRUE">Dataset copied.</procdesc><srcused Sync="TRUE">C:\Data\Washington\county\CNTYLINE</srcused><procdate Sync="TRUE">20100102</procdate><proctime Sync="TRUE">09373400</proctime></procstep><procstep><procdesc Sync="TRUE">Dataset copied.</procdesc><srcused Sync="TRUE"></srcused><procdate Sync="TRUE">20100102</procdate><proctime Sync="TRUE">09452300</proctime></procstep><procstep><procdesc Sync="TRUE">Dataset copied.</procdesc><srcused Sync="TRUE">C:\Data\Project2_Practice\CountyLines</srcused><procdate Sync="TRUE">20100102</procdate><proctime Sync="TRUE">10064400</proctime></procstep></lineage>
		<cloud>0</cloud>
	</dataqual>
	<spdoinfo>
		<direct Sync="TRUE">Vector</direct>
		<ptvctinf><esriterm Name="CountyLines_Project"><efeatyp Sync="TRUE">Simple</efeatyp><efeageom Sync="TRUE">Polyline</efeageom><esritopo Sync="TRUE">FALSE</esritopo><efeacnt Sync="TRUE">184</efeacnt><spindex Sync="TRUE">TRUE</spindex><linrefer Sync="TRUE">FALSE</linrefer></esriterm><sdtsterm Name="CountyLines_Project"><sdtstype Sync="TRUE">String</sdtstype><ptvctcnt Sync="TRUE">184</ptvctcnt></sdtsterm></ptvctinf></spdoinfo>
	<spref>
		<horizsys>
			<geodetic>
				<horizdn Sync="TRUE">North American Datum of 1983</horizdn>
				<ellips Sync="TRUE">Geodetic Reference System 80</ellips>
				<semiaxis Sync="TRUE">6378137.000000</semiaxis>
				<denflat Sync="TRUE">298.257222</denflat>
			</geodetic>
			<cordsysn><geogcsn Sync="TRUE">GCS_North_American_1983</geogcsn><projcsn Sync="TRUE">NAD_1983_UTM_Zone_10N</projcsn></cordsysn><planar><planci><plance Sync="TRUE">coordinate pair</plance><plandu Sync="TRUE">meters</plandu><coordrep><absres Sync="TRUE">0.000000</absres><ordres Sync="TRUE">0.000000</ordres></coordrep></planci><gridsys><gridsysn Sync="TRUE">Universal Transverse Mercator</gridsysn><utm><utmzone Sync="TRUE">10</utmzone><transmer><sfctrmer Sync="TRUE">0.999600</sfctrmer><longcm Sync="TRUE">-123.000000</longcm><latprjo Sync="TRUE">0.000000</latprjo><feast Sync="TRUE">500000.000000</feast><fnorth Sync="TRUE">0.000000</fnorth></transmer></utm></gridsys></planar></horizsys>
	</spref>
	<eainfo>
		<detailed Name="CountyLines_Project">
			<enttyp>
				<enttypl Sync="TRUE">CountyLines_Project</enttypl>
				<enttypd>Areas of Washington state defined as counties by the Constitution of Washington State.</enttypd>
				<enttypds>Data Resource Management, Washington State Department of Transportation</enttypds>
				<enttypt Sync="TRUE">Feature Class</enttypt><enttypc Sync="TRUE">184</enttypc></enttyp>
			<attr><attrlabl Sync="TRUE">FID</attrlabl><attalias Sync="TRUE">FID</attalias><attrtype Sync="TRUE">OID</attrtype><attwidth Sync="TRUE">4</attwidth><atprecis Sync="TRUE">0</atprecis><attscale Sync="TRUE">0</attscale><attrdef Sync="TRUE">Internal feature number.</attrdef><attrdefs Sync="TRUE">ESRI</attrdefs><attrdomv><udom Sync="TRUE">Sequential unique whole numbers that are automatically generated.</udom></attrdomv></attr><attr><attrlabl Sync="TRUE">Shape</attrlabl><attalias Sync="TRUE">Shape</attalias><attrtype Sync="TRUE">Geometry</attrtype><attwidth Sync="TRUE">0</attwidth><atprecis Sync="TRUE">0</atprecis><attscale Sync="TRUE">0</attscale><attrdef Sync="TRUE">Feature geometry.</attrdef><attrdefs Sync="TRUE">ESRI</attrdefs><attrdomv><udom Sync="TRUE">Coordinates defining the features.</udom></attrdomv></attr><attr><attrlabl Sync="TRUE">FNODE_</attrlabl><attalias Sync="TRUE">FNODE_</attalias><attrtype Sync="TRUE">Number</attrtype><attwidth Sync="TRUE">11</attwidth></attr><attr><attrlabl Sync="TRUE">TNODE_</attrlabl><attalias Sync="TRUE">TNODE_</attalias><attrtype Sync="TRUE">Number</attrtype><attwidth Sync="TRUE">11</attwidth></attr><attr><attrlabl Sync="TRUE">LPOLY_</attrlabl><attalias Sync="TRUE">LPOLY_</attalias><attrtype Sync="TRUE">Number</attrtype><attwidth Sync="TRUE">11</attwidth></attr><attr><attrlabl Sync="TRUE">RPOLY_</attrlabl><attalias Sync="TRUE">RPOLY_</attalias><attrtype Sync="TRUE">Number</attrtype><attwidth Sync="TRUE">11</attwidth></attr><attr><attrlabl Sync="TRUE">LENGTH</attrlabl><attalias Sync="TRUE">LENGTH</attalias><attrtype Sync="TRUE">Number</attrtype><attwidth Sync="TRUE">19</attwidth><atnumdec Sync="TRUE">5</atnumdec></attr><attr><attrlabl Sync="TRUE">COUNTY_</attrlabl><attalias Sync="TRUE">COUNTY_</attalias><attrtype Sync="TRUE">Number</attrtype><attwidth Sync="TRUE">11</attwidth></attr><attr><attrlabl Sync="TRUE">COUNTY_ID</attrlabl><attalias Sync="TRUE">COUNTY_ID</attalias><attrtype Sync="TRUE">Number</attrtype><attwidth Sync="TRUE">11</attwidth></attr><attr><attrlabl Sync="TRUE">BOUND_TYPE</attrlabl><attalias Sync="TRUE">BOUND_TYPE</attalias><attrtype Sync="TRUE">Number</attrtype><attwidth Sync="TRUE">3</attwidth><attrdomv><edom><edomv>3</edomv><edomvd>International--the boundary divides a Washington State county from British Columbia.</edomvd></edom><edom><edomv>2</edomv><edomvd>State--the boundary divides a Washington State county from Oregon or Idaho.</edomvd></edom><edom><edomv>1</edomv><edomvd>County--the boundary divides two Washington State counties.</edomvd></edom></attrdomv><attrdef>Type of boundary line for cartographic presentation</attrdef></attr></detailed>
		<overview>
			<eaover>Counties are depicted as polygons with county name as an attribute. County boundary lines are assigned attributes signifying whether or not the line is over a major body of water, between counties, states, or international.</eaover>
			<eadetcit>http://wwwi.wsdot.wa.gov/gis/supportteam/data/maps/500k/DOT_Cartog/county.ddi</eadetcit>
		</overview>
	</eainfo>
	<distinfo>
		<distrib>
			<cntinfo>
				<cntorgp>
					<cntorg>Washington State Department of Transportation</cntorg>
					<cntper>Michelle Blake</cntper>
				</cntorgp>
				<cntpos>GIS Data Administrator</cntpos>
				<cntaddr>
					<addrtype>mailing address</addrtype>
					<address>PO Box 47430</address>
					<city>Olympia</city>
					<state>WA</state>
					<postal>98504-7430</postal>
					<country>USA</country>
				</cntaddr>
				<cntaddr>
					<addrtype>physical address</addrtype>
					<address>809 Legion Way SE</address>
					<city>Olympia</city>
					<state>WA</state>
					<postal>98501</postal>
					<country>USA</country>
				</cntaddr>
				<cntvoice>360-705-7797</cntvoice>
				<cntfax>360-705-6817</cntfax>
				<cntemail>blakem@wsdot.wa.gov</cntemail>
				<cntinst>Call, email or write with requests for geo-spatial data sets.</cntinst>
			</cntinfo>
		</distrib>
		<resdesc>\gisosc\geodata\maps\500k\dot_cartog\county\county</resdesc>
		<distliab>The Washington State Department of Transportation shall not be liable for any activity involving these data with regard to lost profits or savings or any other consequential damages; or the fitness for use of the data for a particular purpose; or the installation of the data, its use, or the results obtained.</distliab>
		<stdorder>
			<digform>
				<digtinfo>
					<formspec>Various formats are used: ESRI coverages and shapefiles, and data tables for placement as ArcView "events."</formspec>
					<formcont>
The standard distribution compact disc contains all geospatial data sets created by the Washington State Dept. of Transportation. Refer to the included Geodata.txt text file for a brief description of the directory structure.
Data formats vary--most data are stored as ESRI shape files, but some data models require coverages. There are also dbf-format tables of data located by geographic coordinates or State Route Accumulated Route Mileage.
</formcont>
					<transize Sync="TRUE">0.150</transize><dssize Sync="TRUE">0.150</dssize></digtinfo>
				<digtopt>
					<offoptn>
						<offmedia>CD-ROM</offmedia>
					</offoptn>
				</digtopt>
			</digform>
			<fees>none</fees>
			<ordering>Call, email or write the Distributor with requests for geo-spatial data sets.</ordering>
			<turnarnd>Generally, the standard compact disc containing all distributed data can be sent within one week of receiving a data request.</turnarnd>
		</stdorder>
		<stdorder>
			<digform>
				<digtinfo>
					<formname>self-extracting zip file</formname>
					<formvern>6.3 SR-1 (926) 32-bit</formvern>
					<formspec>WinZip</formspec>
					<formcont>Depends on the data set. Arc/Info coverage or shape file; metadata report in html and text files; and, in some cases, a data dictionary text file. Some data sets in the standard distribution are tabular data for placement as ArcView "events."</formcont>
					<filedec>Run the "exe" file under Windows NT.</filedec>
					<transize Sync="TRUE">0.150</transize><dssize Sync="TRUE">0.150</dssize></digtinfo>
				<digtopt>
					<onlinopt>
						<accinstr>Use anonymous FTP login or web browser download on the URL specified under Network Address.</accinstr>
						<oncomp>Unix</oncomp>
					</onlinopt>
				</digtopt>
			</digform>
			<fees>none</fees>
			<ordering>Download individual data sets from ftp://ftp.wsdot.wa.gov/gis/GeoDataDistribution</ordering>
		</stdorder>
		<stdorder>
			<nondig>The Cartography/GIS Section can plot maps of most geospatial data sets.</nondig>
			<fees>depend on plotting costs.</fees>
			<ordering>Contact the Point of Contact listed under the Identification Section to determine the availability of this data set in a non-digital representation.</ordering>
			<digform><digtinfo><transize Sync="TRUE">0.150</transize><dssize Sync="TRUE">0.150</dssize></digtinfo></digform></stdorder>
		<availabl>
			<timeinfo>
				<sngdate>
					<caldate>unknown</caldate>
					<time>unknown</time>
				</sngdate>
			</timeinfo>
		</availabl>
	</distinfo>
	<metainfo>
		<metd Sync="TRUE">20100102</metd>
		<metc>
			<cntinfo>
				<cntorgp>
					<cntorg>Washington State Department of Transportation</cntorg>
					<cntper>Michelle Blake</cntper>
				</cntorgp>
				<cntpos>GIS Data Administrator</cntpos>
				<cntaddr>
					<addrtype>mailing address</addrtype>
					<address>PO Box 47430</address>
					<city>Olympia</city>
					<state>WA</state>
					<postal>98504-7430</postal>
					<country>USA</country>
				</cntaddr>
				<cntaddr>
					<addrtype>physical address</addrtype>
					<address>809 Legion Way SE</address>
					<city>Olympia</city>
					<state>WA</state>
					<postal>98501</postal>
					<country>USA</country>
				</cntaddr>
				<cntvoice>360-705-7797</cntvoice>
				<cntfax>360-705-6817</cntfax>
				<cntemail>blakem@wsdot.wa.gov</cntemail>
				<cntinst>Call, email or write with requests for geo-spatial data sets.</cntinst>
			</cntinfo>
		</metc>
		<metstdn Sync="TRUE">FGDC Content Standards for Digital Geospatial Metadata</metstdn>
		<metstdv Sync="TRUE">FGDC-STD-001-1998</metstdv>
		<mettc Sync="TRUE">local time</mettc>
		<metac>none</metac>
		<metuc>none</metuc>
		<langmeta Sync="TRUE">en</langmeta><metextns><onlink Sync="TRUE">http://www.esri.com/metadata/esriprof80.html</onlink><metprof Sync="TRUE">ESRI Metadata Profile</metprof></metextns></metainfo>
	<Esri><CreaDate>20170622</CreaDate><CreaTime>15303900</CreaTime><SyncOnce>FALSE</SyncOnce><SyncDate>20100102</SyncDate><SyncTime>09454400</SyncTime><ModDate>20100102</ModDate><ModTime>09454400</ModTime><DataProperties><lineage><Process ToolSource="C:\Program Files\ArcGIS\ArcToolbox\Toolboxes\Data Management Tools.tbx\Project" Date="20100102" Time="094523">Project C:\Data\Project2_Practice\CountyLines.shp C:\Data\Project2_Practice\CountyLines_Project.shp PROJCS['NAD_1983_UTM_Zone_10N',GEOGCS['GCS_North_American_1983',DATUM['D_North_American_1983',SPHEROID['GRS_1980',6378137.0,298.257222101]],PRIMEM['Greenwich',0.0],UNIT['Degree',0.0174532925199433]],PROJECTION['Transverse_Mercator'],PARAMETER['False_Easting',500000.0],PARAMETER['False_Northing',0.0],PARAMETER['Central_Meridian',-123.0],PARAMETER['Scale_Factor',0.9996],PARAMETER['Latitude_Of_Origin',0.0],UNIT['Meter',1.0]] NAD_1983_To_HARN_OR_WA GEOGCS['GCS_North_American_1983_HARN',DATUM['D_North_American_1983_HARN',SPHEROID['GRS_1980',6378137.0,298.257222101]],PRIMEM['Greenwich',0.0],UNIT['Degree',0.0174532925199433]]</Process></lineage></DataProperties><ArcGISFormat>1.0</ArcGISFormat></Esri><dataIdInfo><envirDesc Sync="TRUE">Microsoft Windows Vista Version 6.0 (Build 6002) Service Pack 2; ESRI ArcCatalog 9.3.1.3000</envirDesc><dataLang><languageCode Sync="TRUE" value="en"></languageCode></dataLang><idCitation><resTitle Sync="TRUE">CountyLines_Project</resTitle><presForm><PresFormCd Sync="TRUE" value="005"></PresFormCd></presForm></idCitation><spatRpType><SpatRepTypCd Sync="TRUE" value="001"></SpatRepTypCd></spatRpType><geoBox esriExtentType="decdegrees"><westBL Sync="TRUE">-124.757444</westBL><eastBL Sync="TRUE">-116.563889</eastBL><northBL Sync="TRUE">49.153829</northBL><southBL Sync="TRUE">45.387274</southBL><exTypeCode Sync="TRUE">1</exTypeCode></geoBox><dataExt><geoEle><GeoBndBox esriExtentType="native"><westBL Sync="TRUE">371820.809984</westBL><eastBL Sync="TRUE">970860.615394</eastBL><northBL Sync="TRUE">5444556.431809</northBL><southBL Sync="TRUE">5043600.005203</southBL><exTypeCode Sync="TRUE">1</exTypeCode></GeoBndBox></geoEle></dataExt></dataIdInfo><mdLang><languageCode Sync="TRUE" value="en"></languageCode></mdLang><mdStanName Sync="TRUE">ISO 19115 Geographic Information - Metadata</mdStanName><mdStanVer Sync="TRUE">DIS_ESRI1.0</mdStanVer><mdChar><CharSetCd Sync="TRUE" value="004"></CharSetCd></mdChar><mdHrLv><ScopeCd Sync="TRUE" value="005"></ScopeCd></mdHrLv><mdHrLvName Sync="TRUE">dataset</mdHrLvName><distInfo><distributor><distorTran><onLineSrc><orDesc Sync="TRUE">002</orDesc><linkage Sync="TRUE">file://\\ASROCK\C$\Data\Project2_Originals\CountyLines</linkage><protocol Sync="TRUE">Local Area Network</protocol></onLineSrc><transSize Sync="TRUE">0.150</transSize></distorTran><distorFormat><formatName Sync="TRUE">Shapefile</formatName></distorFormat></distributor></distInfo><refSysInfo><RefSystem><refSysID><identCode Sync="TRUE">NAD_1983_UTM_Zone_10N</identCode></refSysID></RefSystem></refSysInfo><spatRepInfo><VectSpatRep><topLvl><TopoLevCd Sync="TRUE" value="001"></TopoLevCd></topLvl><geometObjs Name="CountyLines_Project"><geoObjTyp><GeoObjTypCd Sync="TRUE" value="001"></GeoObjTypCd></geoObjTyp><geoObjCnt Sync="TRUE">184</geoObjCnt></geometObjs></VectSpatRep></spatRepInfo><mdDateSt Sync="TRUE">20100102</mdDateSt></metadata>
