<?xml version="1.0" encoding="UTF-8"?>
<metadata><idinfo><smtype>1</smtype><citation><citeinfo><origin>Washington State Department of Transportation</origin><pubdate>201311</pubdate><title>Ferry Routes of Washington State</title><geoform>vector digital data</geoform><pubinfo><pubplace>Olympia, Washington</pubplace><publish>Washington State Department of Transportation</publish></pubinfo><smcilnkh>false</smcilnkh></citeinfo></citation><descript><abstract>Routes of vessels providing scheduled, public car ferry service in the waters of Washington State are depicted as linear features.  Known private, provincial, tribal and passenger-only ferry services are also shown.</abstract><purpose>This data set is used as a reference layer for geographic information systems at the Washington State Department of Transportation.  This layer is not intended for navigational purposes.</purpose></descript><timeperd><timeinfo><sngdate><caldate>20131015</caldate><time>Unknown</time></sngdate></timeinfo><current>ground condition</current></timeperd><status><progress>Complete</progress><update>As needed</update></status><spdom><bounding><westbc>-123.44516</westbc><eastbc>-118.138048</eastbc><northbc>49.026429</northbc><southbc>46.136829</southbc></bounding></spdom><keywords><theme><themekt>None</themekt><themekey>ferry</themekey><themekey>state route</themekey><themekey>ferry route</themekey></theme><place><placekt>none</placekt><placekey>Pacific Northwest</placekey><placekey>United States</placekey><placekey>USA</placekey><placekey>WA</placekey><placekey>Washington</placekey><placekey>BC</placekey><placekey>British Columbia</placekey></place></keywords><accconst>none</accconst><useconst>none</useconst><ptcontac><cntinfo><cntperp><cntper>Thomas A. Blake</cntper><cntorg>Transportation Data and GIS Office, Washington State Department of Transportation</cntorg></cntperp><cntpos>GIS Data Products Supervisor</cntpos><cntaddr><addrtype>mailing address</addrtype><address>PO Box 47380</address><city>Olympia</city><state>WA</state><postal>98504-7380</postal><country>USA</country></cntaddr><cntaddr><addrtype>physical address</addrtype><address>7345 Linderson Way SW</address><city>Tumwater</city><state>WA</state><postal>98501-6504</postal><country>USA</country></cntaddr><cntvoice>(360) 570-2363</cntvoice><cntemail>blaket@wsdot.wa.gov</cntemail><smcoemhy>false</smcoemhy></cntinfo></ptcontac><datacred>Allen Blake, Mark Bozanich, Derek Drake, Washington State Department of Transportation</datacred><native>Microsoft Windows XP Version 5.1 (Build 2600) Service Pack 2; ESRI ArcCatalog 9.2.2.1350</native><crossref><citeinfo><origin>GIS/Cartography Section, Washington State Department of Transportation</origin><pubdate>19990216</pubdate><title>Washington State Highways, 1998</title><geoform>linear reference system</geoform><pubinfo><pubplace>Olympia, Washington, USA</pubplace><publish>Washington State Department of Transportation</publish></pubinfo><smcilnkh>false</smcilnkh></citeinfo></crossref><smbrowse>false</smbrowse></idinfo><dataqual><attracc><attraccr>Attributes of ownership and State Route number are correct as of September 2013.</attraccr></attracc><complete>This data set represents every ferry route known to be operating in Washington State as of September, 2013.  This includes ferry routes operated by the State of Washington, Canadian provinces, private entities and tribabl entities.</complete><posacc><horizpa><horizpar>Positional accuracy has not been determined.</horizpar></horizpa></posacc><lineage><srcinfo><srccite><citeinfo><origin>Cartography Section, Washington State Department of Transportation</origin><title>WSDOT 7.5 Minute Quadrangle</title><geoform>map</geoform><serinfo><sername>WSDOT 7.5 Minute Quadrangles</sername></serinfo><pubinfo><pubplace>Olympia, Washington</pubplace><publish>Washington State Department of Transportation</publish></pubinfo><othercit>The WSDOT 7.5 Minute Quadrangle Series is based on 7.5 minute U.S. Geological Survey quadrangles. Selected features were digitized by WSDOT Cartography Section staff, including revisions compiled by the Cartography Section.</othercit><smcilnkh>false</smcilnkh><smcisrcs>24000</smcisrcs><smcisrcm>online</smcisrcm><smcisrct><timeinfo><sngdate><time>Unknown</time></sngdate></timeinfo></smcisrct></citeinfo></srccite><srcscale>24000</srcscale><typesrc>online</typesrc><srctime><timeinfo><sngdate><time>Unknown</time></sngdate></timeinfo></srctime><srccitea>WSDOT 7.5 Min Quad</srccitea><srccontr>The graphics and attributes depicting Washington State ferry routes.</srccontr></srcinfo><procstep><procdesc>WSDOT Quad series design files (DGN files) including ferry routes were combined into a single file.
This was converted to an Arc/Info coverage using Arc command "IGDSARC." The data was transformed to geographic coordinates using Arc commands "PROJECTDEFINE" and "PROJECT." Attributes of Ownership and State Route Number (if applicable) were added to the arc attribute table in ArcView, and the result converted to a shapefile.</procdesc><srcused>WSDOT 7.5 Min Quad</srcused><procdate>19990401</procdate><proccont><cntinfo><cntperp><cntper>Thomas A. Blake</cntper><cntorg>Transportation Data and GIS Office, Washington State Department of Transportation</cntorg></cntperp><cntpos>GIS Data Products Supervisor</cntpos><cntaddr><addrtype>mailing address</addrtype><address>PO Box 47380</address><city>Olympia</city><state>WA</state><postal>98504-7380</postal><country>USA</country></cntaddr><cntaddr><addrtype>physical address</addrtype><address>7345 Linderson Way SW</address><city>Tumwater</city><state>WA</state><postal>98501-6504</postal><country>USA</country></cntaddr><cntvoice>(360) 570-2363</cntvoice><cntemail>blaket@wsdot.wa.gov</cntemail><smcoemhy>false</smcoemhy></cntinfo></proccont></procstep><procstep><procdesc>The original Ferry Routes of Washington State dataset was updated based on information from Washington State Ferries and other sources.</procdesc><procdate>20070801</procdate><proccont><cntinfo><cntperp><cntper>Whitney K. Buschmann</cntper><cntorg>Cartography and GIS Section, Geographic Services, The Washington State Department of Transportation</cntorg></cntperp><cntpos>GIS Specialist</cntpos><cntaddr><addrtype>mailing address</addrtype><address>PO Box 47384</address><city>Olympia</city><state>WA</state><postal>98501</postal><country>USA</country></cntaddr><cntvoice>360-709-5506</cntvoice><cntfax>360-709-5599</cntfax><cntemail>buschmw@wsdot.wa.gov</cntemail><smcoemhy>false</smcoemhy><hours>M-F 8 AM - 5 PM</hours><cntinst>Please call, email or write with questions.</cntinst></cntinfo></proccont></procstep><procstep><procdesc>Some of the ferry routes depicted were updated with GPS data collected onboard the ferries.</procdesc><procdate>20110915</procdate><proccont><cntinfo><cntperp><cntper>Thomas A. Blake</cntper><cntorg>Transportation Data and GIS Office, Washington State Department of Transportation</cntorg></cntperp><cntpos>GIS Data Products Supervisor</cntpos><cntaddr><addrtype>mailing address</addrtype><address>PO Box 47380</address><city>Olympia</city><state>WA</state><postal>98504-7380</postal><country>USA</country></cntaddr><cntaddr><addrtype>physical address</addrtype><address>7345 Linderson Way SW</address><city>Tumwater</city><state>WA</state><postal>98501-6504</postal><country>USA</country></cntaddr><cntvoice>(360) 570-2363</cntvoice><cntemail>blaket@wsdot.wa.gov</cntemail><smcoemhy>false</smcoemhy></cntinfo></proccont></procstep><procstep><procdesc>Attributes where updated and the line segments were smoothed using the ArcGIS smooth tool with a tolerance of 10,000 feet.</procdesc><procdate>201310</procdate><proccont><cntinfo><cntperp><cntper>Thomas A. Blake</cntper><cntorg>Transportation Data and GIS Office, Washington State Department of Transportation</cntorg></cntperp><cntpos>GIS Data Products Supervisor</cntpos><cntaddr><addrtype>mailing address</addrtype><address>PO Box 47380</address><city>Olympia</city><state>WA</state><postal>98504-7380</postal><country>USA</country></cntaddr><cntaddr><addrtype>physical address</addrtype><address>7345 Linderson Way SW</address><city>Tumwater</city><state>WA</state><postal>98501-6504</postal><country>USA</country></cntaddr><cntvoice>(360) 570-2363</cntvoice><cntemail>blaket@wsdot.wa.gov</cntemail><smcoemhy>false</smcoemhy></cntinfo></proccont></procstep></lineage><cloud>0</cloud></dataqual><spdoinfo><direct>Vector</direct><ptvctinf><sdtsterm><sdtstype>String</sdtstype><ptvctcnt>23</ptvctcnt><smcaptur>false</smcaptur></sdtsterm></ptvctinf><smcaptur>false</smcaptur></spdoinfo><spref><horizsys><planar><mapproj><mapprojn>Lambert Conformal Conic</mapprojn><lambertc><stdparll>45.833333</stdparll><stdparll>47.333333</stdparll><longcm>-120.5</longcm><latprjo>45.333333</latprjo><feast>1640416.666667</feast><fnorth>0</fnorth></lambertc></mapproj><planci><plance>Coordinate Pair</plance><coordrep><absres>0.000328</absres><ordres>0.000328</ordres></coordrep><plandu>survey feet</plandu></planci></planar><geodetic><horizdn>D_North_American_1983_HARN</horizdn><ellips>Geodetic Reference System 80</ellips><semiaxis>6378137</semiaxis><denflat>298.257222</denflat></geodetic></horizsys><vertdef><altsys><altres>1.000000</altres><altenc>Explicit elevation coordinate included with horizontal coordinates</altenc></altsys></vertdef></spref><eainfo><detailed><enttyp><enttypl>FerryRoutes</enttypl><enttypd>The path taken by a vessel transporting vehicles and passengers across bodies of water as a scheduled public, private, tribal, or provincial service.</enttypd><enttypds>Cartography and GIS Section, Geographic Services, The Washington State Department of Transportation</enttypds></enttyp><attr><attrlabl>DISPLAY</attrlabl><attrdef>Ferry route (terminals locations between which the ferry travels on given route).</attrdef><smcaptur>false</smcaptur></attr><attr><attrlabl>OBJECTID</attrlabl><attrdef>Internal feature number.</attrdef><attrdefs>ESRI</attrdefs><attrdomv><udom>Sequential unique whole numbers that are automatically generated.</udom></attrdomv><smcaptur>false</smcaptur></attr><attr><attrlabl>OWNER</attrlabl><attrdef>The organization that operates the vessels on a ferry route (state=State of Washington; provincial=Canada; private=private entity; tribal bia=tribal entity).</attrdef><attrdomv><udom>Values are phrases indicating generic ownership: "state," "county," "province of BC," "private," "federal," etc.</udom></attrdomv><smcaptur>false</smcaptur></attr><attr><attrlabl>Shape</attrlabl><attrdef>Feature geometry.</attrdef><attrdefs>ESRI</attrdefs><attrdomv><udom>Coordinates defining the features.</udom></attrdomv><smcaptur>false</smcaptur></attr><attr><attrlabl>Shape.len</attrlabl><smcaptur>false</smcaptur></attr><attr><attrlabl>SR</attrlabl><attrdef>State Route number assigned by the Washington State Department of Transportation</attrdef><attrdefs>State Highway Log</attrdefs><begdatea>19980428</begdatea><smcaptur>false</smcaptur></attr></detailed><overview><eaover>Ferry routes of Washington State are depicted as linear features with attributes identifying the operator and, if that is the Washington State Deptartment of Transportation, what State Route Number is assigned to the ferry route.</eaover><eadetcit>State=ferry is operated by the State of Washington
Private=ferry is operated by a private entity
Provincial=ferry is operated by a Canadian province
Tribal BIA=ferry is operated by a tribal entity</eadetcit></overview></eainfo><distinfo><smdistnm>WSDOT General Distribution</smdistnm><distrib><cntinfo><cntorgp><cntorg>Washington State Department of Transportation, Office of Information Technology</cntorg><cntper>Jordyn Mitchell</cntper></cntorgp><cntpos>GIS Database  Administrator</cntpos><cntaddr><addrtype>mailing address</addrtype><address>PO Box 47430</address><city>Olympia</city><state>WA</state><postal>98504-7430</postal><country>USA</country></cntaddr><cntvoice>360-705-7645</cntvoice><cntemail>mitchejo@wsdot.wa.gov</cntemail><smcoemhy>false</smcoemhy></cntinfo></distrib><distliab>The Washington State Department of Transportation shall not be liable for any activity involving this data with regard to lost profits or savings or any other consequential damages; or the fitness for use of the data for a particular purpose; or the installation of the data, its use, or the results obtained.</distliab><stdorder><fees>none</fees><ordering>Download individual data sets from http://www.wsdot.wa.gov/mapsdata/geodatacatalog/default.htm</ordering><smdistty>1</smdistty></stdorder><availabl><timeinfo><sngdate><caldate>Unknown</caldate><time>Unknown</time></sngdate></timeinfo></availabl></distinfo><metainfo><metd>20131025</metd><metrd></metrd><metfrd></metfrd><metc><cntinfo><cntperp><cntper>Thomas A. Blake</cntper><cntorg>Transportation Data and GIS Office, Washington State Department of Transportation</cntorg></cntperp><cntpos>GIS Data Products Supervisor</cntpos><cntaddr><addrtype>mailing address</addrtype><address>PO Box 47380</address><city>Olympia</city><state>WA</state><postal>98504-7380</postal><country>USA</country></cntaddr><cntaddr><addrtype>physical address</addrtype><address>7345 Linderson Way SW</address><city>Tumwater</city><state>WA</state><postal>98501-6504</postal><country>USA</country></cntaddr><cntvoice>(360) 570-2363</cntvoice><cntemail>blaket@wsdot.wa.gov</cntemail><smcoemhy>false</smcoemhy></cntinfo></metc><metstdn>FGDC Content Standards for Digital Geospatial Metadata</metstdn><metstdv>FGDC-STD-001-1998</metstdv><mettc>local time</mettc><metac>none</metac><metuc>none</metuc></metainfo><Esri><CreaDate>20170622</CreaDate><CreaTime>15304200</CreaTime><ArcGISFormat>1.0</ArcGISFormat><SyncOnce>TRUE</SyncOnce><DataProperties><lineage><Process ToolSource="c:\program files\arcgis\desktop10.2\ArcToolbox\Toolboxes\Data Management Tools.tbx\Project" Date="20150602" Time="090517">Project FerryRoutes C:\data\Geog485\ferry\FerryRoutes_projected.shp PROJCS['USA_Contiguous_Lambert_Conformal_Conic',GEOGCS['GCS_North_American_1983',DATUM['D_North_American_1983',SPHEROID['GRS_1980',6378137.0,298.257222101]],PRIMEM['Greenwich',0.0],UNIT['Degree',0.0174532925199433]],PROJECTION['Lambert_Conformal_Conic'],PARAMETER['False_Easting',0.0],PARAMETER['False_Northing',0.0],PARAMETER['Central_Meridian',-96.0],PARAMETER['Standard_Parallel_1',33.0],PARAMETER['Standard_Parallel_2',45.0],PARAMETER['Latitude_Of_Origin',39.0],UNIT['Meter',1.0]] NAD_1983_To_HARN_WA_OR PROJCS['NAD_1983_HARN_StatePlane_Washington_South_FIPS_4602_Feet',GEOGCS['GCS_North_American_1983_HARN',DATUM['D_North_American_1983_HARN',SPHEROID['GRS_1980',6378137.0,298.257222101]],PRIMEM['Greenwich',0.0],UNIT['Degree',0.0174532925199433]],PROJECTION['Lambert_Conformal_Conic'],PARAMETER['False_Easting',1640416.666666667],PARAMETER['False_Northing',0.0],PARAMETER['Central_Meridian',-120.5],PARAMETER['Standard_Parallel_1',45.83333333333334],PARAMETER['Standard_Parallel_2',47.33333333333334],PARAMETER['Latitude_Of_Origin',45.33333333333334],UNIT['Foot_US',0.3048006096012192]]</Process></lineage><itemProps><itemLocation><linkage Sync="TRUE">file://\\MININT-GU5CHOR\C$\data\Geog485\Lesson2\ferries</linkage><protocol Sync="TRUE">Local Area Network</protocol></itemLocation></itemProps><copyHistory><copy source="C:\data\Geog485\ferry\ferries" dest="\\MININT-GU5CHOR\C$\data\Geog485\Lesson2\ferries" date="20150602" time="09064400"></copy></copyHistory></DataProperties></Esri></metadata>
